link,
https://www.allrecipes.com/recipes/200/meat-and-poultry/beef/,
https://www.allrecipes.com/recipes/253/everyday-cooking/slow-cooker/,
https://www.allrecipes.com/recipes/23070/everyday-cooking/cookware-and-equipment/air-fryer/,
https://www.allrecipes.com/recipes/76/appetizers-and-snacks/,
https://www.allrecipes.com/recipes/78/breakfast-and-brunch/,
https://www.allrecipes.com/recipes/201/meat-and-poultry/chicken/,
https://www.allrecipes.com/recipes/362/desserts/cookies/,
https://www.allrecipes.com/recipes/79/desserts/,
https://www.allrecipes.com/recipes/471/meat-and-poultry/beef/ground/,
